{"_runtime":404.223439243,"_timestamp":1.7657282329315968e+09,"_step":347,"eval/mse":0.4126940965652466,"eval/mae":0.4167196750640869,"_wandb":{"runtime":404}}