{"eval/mae":0.5673383474349976,"_timestamp":1.7657219104635515e+09,"_step":4,"eval/mse":0.9739076495170593,"_wandb":{"runtime":14},"_runtime":14.889183898}