{"_step":556,"_wandb":{"runtime":398},"_runtime":398.036510003,"eval/mse":0.4013593792915344,"eval/mae":0.4303421676158905,"_timestamp":1.7657297370027955e+09}