{"_step":4,"eval/mse":1.2374361753463745,"eval/mae":0.7549223303794861,"_timestamp":1.765721962630592e+09,"_wandb":{"runtime":20},"_runtime":20.817412509}