{"_wandb":{"runtime":30},"_runtime":30.103130969,"eval/mse":1.3029708862304688,"eval/mae":0.7939867377281189,"_timestamp":1.7657220003457963e+09,"_step":7}