{"eval/mae":0.3751398026943207,"_timestamp":1.765728385249261e+09,"_wandb":{"runtime":111},"_runtime":111.753093249,"_step":76,"eval/mse":0.3375130593776703}