{"_timestamp":1.7657285596744177e+09,"_step":73,"eval/mse":0.38020408153533936,"eval/mae":0.4083687365055084,"_wandb":{"runtime":116},"_runtime":116.691172356}