{"_step":4,"eval/mse":1.0865613222122192,"eval/mae":0.6709325313568115,"_timestamp":1.7657219343886662e+09,"_wandb":{"runtime":16},"_runtime":16.046874473}