{"_timestamp":1.7657305442091324e+09,"_wandb":{"runtime":716},"_runtime":716.024190864,"_step":472,"eval/mse":0.42983537912368774,"eval/mae":0.4661861062049866}