{"eval/mae":0.4661861062049866,"_timestamp":1.7657646816155548e+09,"_step":472,"_wandb":{"runtime":715},"_runtime":715.828861468,"eval/mse":0.42983537912368774}